Rank,Handle,Solved,Penalty,A,B,C,D,E,F,H,Fastest_Solve,Score
1,HosSam_Abu_elez,7,174,+,+,+,+,+,+,+3,0,650
2,Yousef_maaty20,6,156,+,+,+,+,+,+,.,1,520
3,Hend_22,6,177,+,+,+,+,+1,+,.,4,480
4,_7azzzemm_,6,193,+,+,+,+,+,+,-4,0,300
5,Fa7L,6,209,+,+,+,+,+,+,.,1,320
6,tsunamiii,5,565,+,+,+1,+,+,-2,.,0,250
7,karzoo,3,36,+,+,+,.,.,.,.,0,150
8,EsraaEssam,3,92,+,+,+1,.,.,.,.,0,150
9,newyork5,3,101,+,+,.,.,+,.,.,0,150
10,Aboood_07,2,36,+,+,.,.,.,.,.,0,100
11,mari_00,2,92,+,+,.,.,.,.,.,0,100
12,EsraaEssam,2,107,+,+,.,.,.,.,.,0,100
13,Minemamd,2,136,+1,+,.,.,.,.,.,0,100
14,Noureldin.cs,1,5,+,.,.,.,.,.,.,0,50
15,KarimZeyada-23,1,94,.,.,.,.,.,.,+,1,70
